Set Size,Hit Rate,Miss Rate,False Alarm Rate,Correct Rejection Rate,d',c
15,0.9333332711111153,0.06666666222222252,0.13333332444444504,0.8666666088888928,2.6118571227734475,-0.19515690345882342
20,0.9999999333333378,0.0,0.39999997333333515,0.5999999600000027,4.5182379660830145,-2.0057718108823335
25,0.7333332844444478,0.2666666488888901,0.39999997333333515,0.5999999600000027,0.876272746583594,-0.18478920113262343
30,0.8666666088888928,0.13333332444444504,0.13333332444444504,0.8666666088888928,2.221543006172486,1.5484165727386312e-07
5,0.9999999333333378,0.0,0.0,0.9999999333333378,8.529781587846665,-5.080380560684716e-13
35,0.7999999466666703,0.19999998666666757,0.3333333111111126,0.6666666222222252,1.272348403483559,-0.2054468413290645
10,0.9333332711111153,0.06666666222222252,0.13333332444444504,0.8666666088888928,2.6118571227734475,-0.19515690345882342
